模型,Accuracy,F1,训练时间_秒
NB_朴素贝叶斯,1.0,1.0,0.0094969272613525
LR_逻辑回归,1.0,1.0,0.1587560176849365
LinearSVM_线性支持向量机,1.0,1.0,0.054384708404541
SGD_线性分类器,1.0,1.0,0.0209977626800537
RF_随机森林,0.995409604519774,0.9970002307514808,0.5136003494262695
TextCNN,1.0,1.0,5.674362659454346
Bi-LSTM+Attention,1.0,1.0,7.69650936126709
