模型,Accuracy,Precision,Recall,F1,AUC,训练时间_秒
NB_朴素贝叶斯,1.0,1.0,1.0,1.0,1.0,0.009496927261352539
LR_逻辑回归,1.0,1.0,1.0,1.0,1.0,0.15875601768493652
LinearSVM_线性支持向量机,1.0,1.0,1.0,1.0,1.0,0.054384708404541016
SGD_线性分类器,1.0,1.0,1.0,1.0,1.0,0.02099776268005371
RF_随机森林,0.995409604519774,0.9940184049079754,1.0,0.9970002307514807,1.0,0.5136003494262695
